USE bdvendas;

-- Limpar dados existentes
DELETE FROM vendas_itemvenda;
DELETE FROM vendas_venda;
DELETE FROM produtos_movimentacaoestoque;
DELETE FROM produtos_produto;
DELETE FROM clientes_cliente;
DELETE FROM fornecedores_fornecedor;
DELETE FROM accounts_funcionario;

-- Inserir Funcionários (AUTH_USER_MODEL no Django)
INSERT INTO accounts_funcionario (id, password, last_login, email, is_active, is_staff, is_superuser, username, first_name, last_name, date_joined, telefone, cpf, cargo)
VALUES
(1, 'pbkdf2_sha256$870000$xyz123', NULL, 'admin@exemplo.com', 1, 1, 1, 'admin', 'Admin', 'User', NOW(), '1122222222', '12345678901', 'Gerente'),
(2, 'pbkdf2_sha256$870000$xyz456', NULL, 'func1@exemplo.com', 1, 0, 0, 'func1', 'Funcionário', '1', NOW(), '1133333333', '12345678902', 'Vendedor'),
(3, 'pbkdf2_sha256$870000$xyz789', NULL, 'func2@exemplo.com', 1, 0, 0, 'func2', 'Funcionário', '2', NOW(), '1144444444', '12345678903', 'Vendedor'),
(4, 'pbkdf2_sha256$870000$abc111', NULL, 'func3@exemplo.com', 1, 0, 0, 'func3', 'Funcionário', '3', NOW(), '1155555555', '12345678904', 'Estoquista'),
(5, 'pbkdf2_sha256$870000$abc222', NULL, 'func4@exemplo.com', 1, 0, 0, 'func4', 'Funcionário', '4', NOW(), '1166666666', '12345678905', 'Estoquista'),
(6, 'pbkdf2_sha256$870000$abc333', NULL, 'func5@exemplo.com', 1, 0, 0, 'func5', 'Funcionário', '5', NOW(), '1177777777', '12345678906', 'Atendente'),
(7, 'pbkdf2_sha256$870000$abc444', NULL, 'func6@exemplo.com', 1, 0, 0, 'func6', 'Funcionário', '6', NOW(), '1188888888', '12345678907', 'Gerente de Vendas'),
(8, 'pbkdf2_sha256$870000$abc555', NULL, 'func7@exemplo.com', 1, 0, 0, 'func7', 'Funcionário', '7', NOW(), '1199999999', '12345678908', 'Analista'),
(9, 'pbkdf2_sha256$870000$abc666', NULL, 'func8@exemplo.com', 1, 0, 0, 'func8', 'Funcionário', '8', NOW(), '11aaaaaaaa', '12345678909', 'Diretor'),
(10, 'pbkdf2_sha256$870000$abc777', NULL, 'func9@exemplo.com', 1, 0, 0, 'func9', 'Funcionário', '9', NOW(), '11bbbbbbbb', '12345678910', 'Supervisor'),
(11, 'pbkdf2_sha256$870000$abc888', NULL, 'func10@exemplo.com', 1, 0, 0, 'func10', 'Funcionário', '10', NOW(), '11cccccccc', '12345678911', 'Operador'),
(12, 'pbkdf2_sha256$870000$abc999', NULL, 'func11@exemplo.com', 1, 0, 0, 'func11', 'Funcionário', '11', NOW(), '11dddddddd', '12345678912', 'Consultor'),
(13, 'pbkdf2_sha256$870000$def111', NULL, 'func12@exemplo.com', 1, 0, 0, 'func12', 'Funcionário', '12', NOW(), '11eeeeeeee', '12345678913', 'Especialista'),
(14, 'pbkdf2_sha256$870000$def222', NULL, 'func13@exemplo.com', 1, 0, 0, 'func13', 'Funcionário', '13', NOW(), '11ffffffff', '12345678914', 'Coordenador'),
(15, 'pbkdf2_sha256$870000$def333', NULL, 'func14@exemplo.com', 1, 0, 0, 'func14', 'Funcionário', '14', NOW(), '11gggggggg', '12345678915', 'Representante'),
(16, 'pbkdf2_sha256$870000$def444', NULL, 'func15@exemplo.com', 1, 0, 0, 'func15', 'Funcionário', '15', NOW(), '11hhhhhhhh', '12345678916', 'Assistente'),
(17, 'pbkdf2_sha256$870000$def555', NULL, 'func16@exemplo.com', 1, 0, 0, 'func16', 'Funcionário', '16', NOW(), '11iiiiiiii', '12345678917', 'Técnico'),
(18, 'pbkdf2_sha256$870000$def666', NULL, 'func17@exemplo.com', 1, 0, 0, 'func17', 'Funcionário', '17', NOW(), '11jjjjjjjj', '12345678918', 'Gerente'),
(19, 'pbkdf2_sha256$870000$def777', NULL, 'func18@exemplo.com', 1, 0, 0, 'func18', 'Funcionário', '18', NOW(), '11kkkkkkkk', '12345678919', 'Auditor'),
(20, 'pbkdf2_sha256$870000$def888', NULL, 'func19@exemplo.com', 1, 0, 0, 'func19', 'Funcionário', '19', NOW(), '11llllllll', '12345678920', 'Contador'),
(21, 'pbkdf2_sha256$870000$def999', NULL, 'func20@exemplo.com', 1, 0, 0, 'func20', 'Funcionário', '20', NOW(), '11mmmmmmmm', '12345678921', 'RH'),
(22, 'pbkdf2_sha256$870000$ghi111', NULL, 'func21@exemplo.com', 1, 0, 0, 'func21', 'Funcionário', '21', NOW(), '11nnnnnnnn', '12345678922', 'TI'),
(23, 'pbkdf2_sha256$870000$ghi222', NULL, 'func22@exemplo.com', 1, 0, 0, 'func22', 'Funcionário', '22', NOW(), '11oooooooo', '12345678923', 'Marketing'),
(24, 'pbkdf2_sha256$870000$ghi333', NULL, 'func23@exemplo.com', 1, 0, 0, 'func23', 'Funcionário', '23', NOW(), '11pppppppp', '12345678924', 'Financeiro'),
(25, 'pbkdf2_sha256$870000$ghi444', NULL, 'func24@exemplo.com', 1, 0, 0, 'func24', 'Funcionário', '24', NOW(), '11qqqqqqqq', '12345678925', 'Operações'),
(26, 'pbkdf2_sha256$870000$ghi555', NULL, 'func25@exemplo.com', 1, 0, 0, 'func25', 'Funcionário', '25', NOW(), '11rrrrrrrr', '12345678926', 'Logística');

-- Inserir Fornecedores
INSERT INTO fornecedores_fornecedor (id, nome, cnpj, contato_email, contato_telefone, endereco)
VALUES
(1, 'Fornecedor A', '11222333000100', 'contato@fornecedora.com', '1133333333', 'Rua A, 100'),
(2, 'Fornecedor B', '11222333000200', 'contato@fornecedorb.com', '1144444444', 'Rua B, 200'),
(3, 'Fornecedor C', '11222333000300', 'contato@fornecedorc.com', '1155555555', 'Rua C, 300'),
(4, 'Fornecedor D', '11222333000400', 'contato@fornecedord.com', '1166666666', 'Rua D, 400'),
(5, 'Fornecedor E', '11222333000500', 'contato@fornecedore.com', '1177777777', 'Rua E, 500'),
(6, 'Fornecedor F', '11222333000600', 'contato@fornecedorf.com', '1188888888', 'Rua F, 600'),
(7, 'Fornecedor G', '11222333000700', 'contato@fornecedorg.com', '1199999999', 'Rua G, 700'),
(8, 'Fornecedor H', '11222333000800', 'contato@fornecedorh.com', '11aaaaaaaa', 'Rua H, 800'),
(9, 'Fornecedor I', '11222333000900', 'contato@fornecedori.com', '11bbbbbbbb', 'Rua I, 900'),
(10, 'Fornecedor J', '11222333001000', 'contato@fornecedorj.com', '11cccccccc', 'Rua J, 1000'),
(11, 'Fornecedor K', '11222333001100', 'contato@fornecedork.com', '11dddddddd', 'Rua K, 1100'),
(12, 'Fornecedor L', '11222333001200', 'contato@fornecedorl.com', '11eeeeeeee', 'Rua L, 1200'),
(13, 'Fornecedor M', '11222333001300', 'contato@fornecedorm.com', '11ffffffff', 'Rua M, 1300'),
(14, 'Fornecedor N', '11222333001400', 'contato@fornecedorn.com', '11gggggggg', 'Rua N, 1400'),
(15, 'Fornecedor O', '11222333001500', 'contato@fornecedoro.com', '11hhhhhhhh', 'Rua O, 1500'),
(16, 'Fornecedor P', '11222333001600', 'contato@fornecedorp.com', '11iiiiiiii', 'Rua P, 1600'),
(17, 'Fornecedor Q', '11222333001700', 'contato@fornecedorq.com', '11jjjjjjjj', 'Rua Q, 1700'),
(18, 'Fornecedor R', '11222333001800', 'contato@fornecedor.com', '11kkkkkkkk', 'Rua R, 1800'),
(19, 'Fornecedor S', '11222333001900', 'contato@fornecedors.com', '11llllllll', 'Rua S, 1900'),
(20, 'Fornecedor T', '11222333002000', 'contato@fornecedort.com', '11mmmmmmmm', 'Rua T, 2000'),
(21, 'Fornecedor U', '11222333002100', 'contato@fornecedoru.com', '11nnnnnnnn', 'Rua U, 2100'),
(22, 'Fornecedor V', '11222333002200', 'contato@fornecedorv.com', '11oooooooo', 'Rua V, 2200'),
(23, 'Fornecedor W', '11222333002300', 'contato@fornecedorw.com', '11pppppppp', 'Rua W, 2300'),
(24, 'Fornecedor X', '11222333002400', 'contato@fornecedorx.com', '11qqqqqqqq', 'Rua X, 2400'),
(25, 'Fornecedor Y', '11222333002500', 'contato@fornecedory.com', '11rrrrrrrr', 'Rua Y, 2500'),
(26, 'Fornecedor Z', '11222333002600', 'contato@fornecedorz.com', '11ssssssss', 'Rua Z, 2600');

-- Inserir Clientes
INSERT INTO clientes_cliente (id, nome, cpf_cnpj, email, telefone, endereco, data_cadastro)
VALUES
(1, 'Cliente 1', '12345678901234', 'cliente1@exemplo.com', '1121111111', 'Avenida A, 100', NOW()),
(2, 'Cliente 2', '12345678901235', 'cliente2@exemplo.com', '1122222222', 'Avenida B, 200', NOW()),
(3, 'Cliente 3', '12345678901236', 'cliente3@exemplo.com', '1123333333', 'Avenida C, 300', NOW()),
(4, 'Cliente 4', '12345678901237', 'cliente4@exemplo.com', '1124444444', 'Avenida D, 400', NOW()),
(5, 'Cliente 5', '12345678901238', 'cliente5@exemplo.com', '1125555555', 'Avenida E, 500', NOW()),
(6, 'Cliente 6', '12345678901239', 'cliente6@exemplo.com', '1126666666', 'Avenida F, 600', NOW()),
(7, 'Cliente 7', '12345678901240', 'cliente7@exemplo.com', '1127777777', 'Avenida G, 700', NOW()),
(8, 'Cliente 8', '12345678901241', 'cliente8@exemplo.com', '1128888888', 'Avenida H, 800', NOW()),
(9, 'Cliente 9', '12345678901242', 'cliente9@exemplo.com', '1129999999', 'Avenida I, 900', NOW()),
(10, 'Cliente 10', '12345678901243', 'cliente10@exemplo.com', '11aaaaaaaa', 'Avenida J, 1000', NOW()),
(11, 'Cliente 11', '12345678901244', 'cliente11@exemplo.com', '11bbbbbbbb', 'Avenida K, 1100', NOW()),
(12, 'Cliente 12', '12345678901245', 'cliente12@exemplo.com', '11cccccccc', 'Avenida L, 1200', NOW()),
(13, 'Cliente 13', '12345678901246', 'cliente13@exemplo.com', '11dddddddd', 'Avenida M, 1300', NOW()),
(14, 'Cliente 14', '12345678901247', 'cliente14@exemplo.com', '11eeeeeeee', 'Avenida N, 1400', NOW()),
(15, 'Cliente 15', '12345678901248', 'cliente15@exemplo.com', '11ffffffff', 'Avenida O, 1500', NOW()),
(16, 'Cliente 16', '12345678901249', 'cliente16@exemplo.com', '11gggggggg', 'Avenida P, 1600', NOW()),
(17, 'Cliente 17', '12345678901250', 'cliente17@exemplo.com', '11hhhhhhhh', 'Avenida Q, 1700', NOW()),
(18, 'Cliente 18', '12345678901251', 'cliente18@exemplo.com', '11iiiiiiii', 'Avenida R, 1800', NOW()),
(19, 'Cliente 19', '12345678901252', 'cliente19@exemplo.com', '11jjjjjjjj', 'Avenida S, 1900', NOW()),
(20, 'Cliente 20', '12345678901253', 'cliente20@exemplo.com', '11kkkkkkkk', 'Avenida T, 2000', NOW()),
(21, 'Cliente 21', '12345678901254', 'cliente21@exemplo.com', '11llllllll', 'Avenida U, 2100', NOW()),
(22, 'Cliente 22', '12345678901255', 'cliente22@exemplo.com', '11mmmmmmmm', 'Avenida V, 2200', NOW()),
(23, 'Cliente 23', '12345678901256', 'cliente23@exemplo.com', '11nnnnnnnn', 'Avenida W, 2300', NOW()),
(24, 'Cliente 24', '12345678901257', 'cliente24@exemplo.com', '11oooooooo', 'Avenida X, 2400', NOW()),
(25, 'Cliente 25', '12345678901258', 'cliente25@exemplo.com', '11pppppppp', 'Avenida Y, 2500', NOW()),
(26, 'Cliente 26', '12345678901259', 'cliente26@exemplo.com', '11qqqqqqqq', 'Avenida Z, 2600', NOW()),
(27, 'Cliente 27', '12345678901260', 'cliente27@exemplo.com', '11rrrrrrrr', 'Avenida AA, 2700', NOW()),
(28, 'Cliente 28', '12345678901261', 'cliente28@exemplo.com', '11ssssssss', 'Avenida AB, 2800', NOW()),
(29, 'Cliente 29', '12345678901262', 'cliente29@exemplo.com', '11tttttttt', 'Avenida AC, 2900', NOW()),
(30, 'Cliente 30', '12345678901263', 'cliente30@exemplo.com', '11uuuuuuuu', 'Avenida AD, 3000', NOW()),
(31, 'Cliente 31', '12345678901264', 'cliente31@exemplo.com', '11vvvvvvvv', 'Avenida AE, 3100', NOW()),
(32, 'Cliente 32', '12345678901265', 'cliente32@exemplo.com', '11wwwwwwww', 'Avenida AF, 3200', NOW()),
(33, 'Cliente 33', '12345678901266', 'cliente33@exemplo.com', '11xxxxxxxx', 'Avenida AG, 3300', NOW()),
(34, 'Cliente 34', '12345678901267', 'cliente34@exemplo.com', '11yyyyyyyy', 'Avenida AH, 3400', NOW()),
(35, 'Cliente 35', '12345678901268', 'cliente35@exemplo.com', '11zzzzzzzz', 'Avenida AI, 3500', NOW()),
(36, 'Cliente 36', '12345678901269', 'cliente36@exemplo.com', '1101010101', 'Avenida AJ, 3600', NOW()),
(37, 'Cliente 37', '12345678901270', 'cliente37@exemplo.com', '1102020202', 'Avenida AK, 3700', NOW()),
(38, 'Cliente 38', '12345678901271', 'cliente38@exemplo.com', '1103030303', 'Avenida AL, 3800', NOW()),
(39, 'Cliente 39', '12345678901272', 'cliente39@exemplo.com', '1104040404', 'Avenida AM, 3900', NOW()),
(40, 'Cliente 40', '12345678901273', 'cliente40@exemplo.com', '1105050505', 'Avenida AN, 4000', NOW()),
(41, 'Cliente 41', '12345678901274', 'cliente41@exemplo.com', '1106060606', 'Avenida AO, 4100', NOW()),
(42, 'Cliente 42', '12345678901275', 'cliente42@exemplo.com', '1107070707', 'Avenida AP, 4200', NOW()),
(43, 'Cliente 43', '12345678901276', 'cliente43@exemplo.com', '1108080808', 'Avenida AQ, 4300', NOW()),
(44, 'Cliente 44', '12345678901277', 'cliente44@exemplo.com', '1109090909', 'Avenida AR, 4400', NOW()),
(45, 'Cliente 45', '12345678901278', 'cliente45@exemplo.com', '1110101010', 'Avenida AS, 4500', NOW()),
(46, 'Cliente 46', '12345678901279', 'cliente46@exemplo.com', '1111111111', 'Avenida AT, 4600', NOW()),
(47, 'Cliente 47', '12345678901280', 'cliente47@exemplo.com', '1112121212', 'Avenida AU, 4700', NOW()),
(48, 'Cliente 48', '12345678901281', 'cliente48@exemplo.com', '1113131313', 'Avenida AV, 4800', NOW()),
(49, 'Cliente 49', '12345678901282', 'cliente49@exemplo.com', '1114141414', 'Avenida AW, 4900', NOW()),
(50, 'Cliente 50', '12345678901283', 'cliente50@exemplo.com', '1115151515', 'Avenida AX, 5000', NOW());

-- Inserir Produtos (50 produtos)
INSERT INTO produtos_produto (id, nome, descricao, preco, quantidade_estoque, fornecedor_id)
VALUES
(1, 'Produto 1', 'Descrição Produto 1', 99.99, 100, 1),
(2, 'Produto 2', 'Descrição Produto 2', 89.99, 150, 1),
(3, 'Produto 3', 'Descrição Produto 3', 79.99, 200, 2),
(4, 'Produto 4', 'Descrição Produto 4', 69.99, 120, 2),
(5, 'Produto 5', 'Descrição Produto 5', 59.99, 180, 3),
(6, 'Produto 6', 'Descrição Produto 6', 49.99, 250, 3),
(7, 'Produto 7', 'Descrição Produto 7', 39.99, 300, 4),
(8, 'Produto 8', 'Descrição Produto 8', 29.99, 400, 4),
(9, 'Produto 9', 'Descrição Produto 9', 19.99, 500, 5),
(10, 'Produto 10', 'Descrição Produto 10', 109.99, 80, 5),
(11, 'Produto 11', 'Descrição Produto 11', 119.99, 90, 6),
(12, 'Produto 12', 'Descrição Produto 12', 129.99, 110, 6),
(13, 'Produto 13', 'Descrição Produto 13', 139.99, 70, 7),
(14, 'Produto 14', 'Descrição Produto 14', 149.99, 60, 7),
(15, 'Produto 15', 'Descrição Produto 15', 159.99, 50, 8),
(16, 'Produto 16', 'Descrição Produto 16', 169.99, 40, 8),
(17, 'Produto 17', 'Descrição Produto 17', 179.99, 30, 9),
(18, 'Produto 18', 'Descrição Produto 18', 189.99, 20, 9),
(19, 'Produto 19', 'Descrição Produto 19', 199.99, 15, 10),
(20, 'Produto 20', 'Descrição Produto 20', 209.99, 10, 10),
(21, 'Produto 21', 'Descrição Produto 21', 44.99, 160, 11),
(22, 'Produto 22', 'Descrição Produto 22', 54.99, 140, 11),
(23, 'Produto 23', 'Descrição Produto 23', 64.99, 130, 12),
(24, 'Produto 24', 'Descrição Produto 24', 74.99, 120, 12),
(25, 'Produto 25', 'Descrição Produto 25', 84.99, 110, 13),
(26, 'Produto 26', 'Descrição Produto 26', 94.99, 100, 13),
(27, 'Produto 27', 'Descrição Produto 27', 104.99, 90, 14),
(28, 'Produto 28', 'Descrição Produto 28', 114.99, 80, 14),
(29, 'Produto 29', 'Descrição Produto 29', 124.99, 70, 15),
(30, 'Produto 30', 'Descrição Produto 30', 134.99, 60, 15),
(31, 'Produto 31', 'Descrição Produto 31', 34.99, 200, 16),
(32, 'Produto 32', 'Descrição Produto 32', 24.99, 250, 16),
(33, 'Produto 33', 'Descrição Produto 33', 14.99, 300, 17),
(34, 'Produto 34', 'Descrição Produto 34', 11.99, 350, 17),
(35, 'Produto 35', 'Descrição Produto 35', 12.99, 320, 18),
(36, 'Produto 36', 'Descrição Produto 36', 13.99, 310, 18),
(37, 'Produto 37', 'Descrição Produto 37', 15.99, 290, 19),
(38, 'Produto 38', 'Descrição Produto 38', 17.99, 270, 19),
(39, 'Produto 39', 'Descrição Produto 39', 21.99, 240, 20),
(40, 'Produto 40', 'Descrição Produto 40', 31.99, 210, 20),
(41, 'Produto 41', 'Descrição Produto 41', 41.99, 190, 21),
(42, 'Produto 42', 'Descrição Produto 42', 51.99, 170, 21),
(43, 'Produto 43', 'Descrição Produto 43', 61.99, 150, 22),
(44, 'Produto 44', 'Descrição Produto 44', 71.99, 130, 22),
(45, 'Produto 45', 'Descrição Produto 45', 81.99, 110, 23),
(46, 'Produto 46', 'Descrição Produto 46', 91.99, 90, 23),
(47, 'Produto 47', 'Descrição Produto 47', 101.99, 70, 24),
(48, 'Produto 48', 'Descrição Produto 48', 111.99, 50, 24),
(49, 'Produto 49', 'Descrição Produto 49', 121.99, 30, 25),
(50, 'Produto 50', 'Descrição Produto 50', 131.99, 20, 25);

-- Inserir Vendas (40 vendas)
INSERT INTO vendas_venda (id, data, total, observacao, cliente_id, funcionario_id)
VALUES
(1, NOW(), 0, 'Venda 1', 1, 1),
(2, NOW(), 0, 'Venda 2', 2, 2),
(3, NOW(), 0, 'Venda 3', 3, 3),
(4, NOW(), 0, 'Venda 4', 4, 4),
(5, NOW(), 0, 'Venda 5', 5, 5),
(6, NOW(), 0, 'Venda 6', 6, 6),
(7, NOW(), 0, 'Venda 7', 7, 7),
(8, NOW(), 0, 'Venda 8', 8, 8),
(9, NOW(), 0, 'Venda 9', 9, 9),
(10, NOW(), 0, 'Venda 10', 10, 10),
(11, NOW(), 0, 'Venda 11', 11, 11),
(12, NOW(), 0, 'Venda 12', 12, 12),
(13, NOW(), 0, 'Venda 13', 13, 13),
(14, NOW(), 0, 'Venda 14', 14, 14),
(15, NOW(), 0, 'Venda 15', 15, 15),
(16, NOW(), 0, 'Venda 16', 16, 16),
(17, NOW(), 0, 'Venda 17', 17, 17),
(18, NOW(), 0, 'Venda 18', 18, 18),
(19, NOW(), 0, 'Venda 19', 19, 19),
(20, NOW(), 0, 'Venda 20', 20, 20),
(21, NOW(), 0, 'Venda 21', 21, 21),
(22, NOW(), 0, 'Venda 22', 22, 22),
(23, NOW(), 0, 'Venda 23', 23, 23),
(24, NOW(), 0, 'Venda 24', 24, 24),
(25, NOW(), 0, 'Venda 25', 25, 25),
(26, NOW(), 0, 'Venda 26', 26, 26),
(27, NOW(), 0, 'Venda 27', 27, 1),
(28, NOW(), 0, 'Venda 28', 28, 2),
(29, NOW(), 0, 'Venda 29', 29, 3),
(30, NOW(), 0, 'Venda 30', 30, 4),
(31, NOW(), 0, 'Venda 31', 31, 5),
(32, NOW(), 0, 'Venda 32', 32, 6),
(33, NOW(), 0, 'Venda 33', 33, 7),
(34, NOW(), 0, 'Venda 34', 34, 8),
(35, NOW(), 0, 'Venda 35', 35, 9),
(36, NOW(), 0, 'Venda 36', 36, 10),
(37, NOW(), 0, 'Venda 37', 37, 11),
(38, NOW(), 0, 'Venda 38', 38, 12),
(39, NOW(), 0, 'Venda 39', 39, 13),
(40, NOW(), 0, 'Venda 40', 40, 14);

-- Inserir Itens de Venda (2-3 itens por venda)
INSERT INTO vendas_itemvenda (quantidade, preco_unitario, produto_id, venda_id)
VALUES
(2, 99.99, 1, 1),
(1, 89.99, 2, 1),
(3, 79.99, 3, 2),
(1, 69.99, 4, 2),
(2, 59.99, 5, 3),
(1, 49.99, 6, 3),
(1, 39.99, 7, 4),
(2, 29.99, 8, 4),
(1, 19.99, 9, 5),
(1, 109.99, 10, 5),
(2, 119.99, 11, 6),
(1, 129.99, 12, 6),
(1, 139.99, 13, 7),
(2, 149.99, 14, 7),
(1, 159.99, 15, 8),
(1, 169.99, 16, 8),
(2, 179.99, 17, 9),
(1, 189.99, 18, 9),
(1, 199.99, 19, 10),
(2, 209.99, 20, 10),
(1, 44.99, 21, 11),
(2, 54.99, 22, 11),
(1, 64.99, 23, 12),
(1, 74.99, 24, 12),
(2, 84.99, 25, 13),
(1, 94.99, 26, 13),
(1, 104.99, 27, 14),
(2, 114.99, 28, 14),
(1, 124.99, 29, 15),
(1, 134.99, 30, 15),
(2, 34.99, 31, 16),
(1, 24.99, 32, 16),
(1, 14.99, 33, 17),
(2, 11.99, 34, 17),
(1, 12.99, 35, 18),
(1, 13.99, 36, 18),
(2, 15.99, 37, 19),
(1, 17.99, 38, 19),
(1, 21.99, 39, 20),
(2, 31.99, 40, 20),
(1, 41.99, 41, 21),
(1, 51.99, 42, 21),
(2, 61.99, 43, 22),
(1, 71.99, 44, 22),
(1, 81.99, 45, 23),
(2, 91.99, 46, 23),
(1, 101.99, 47, 24),
(1, 111.99, 48, 24),
(2, 121.99, 49, 25),
(1, 131.99, 50, 25),
(1, 99.99, 1, 26),
(2, 89.99, 2, 26),
(1, 79.99, 3, 27),
(1, 69.99, 4, 27),
(2, 59.99, 5, 28),
(1, 49.99, 6, 28),
(1, 39.99, 7, 29),
(2, 29.99, 8, 29),
(1, 19.99, 9, 30),
(1, 109.99, 10, 30),
(2, 119.99, 11, 31),
(1, 129.99, 12, 31);

-- Atualizar totais das vendas
UPDATE vendas_venda v
SET total = (SELECT IFNULL(SUM(quantidade * preco_unitario), 0) FROM vendas_itemvenda WHERE venda_id = v.id);

-- Inserir Movimentações de Estoque (50 movimentações)
INSERT INTO produtos_movimentacaoestoque (tipo, quantidade, data_movimento, observacao, funcionario_id, produto_id)
VALUES
('ENTRADA', 10, NOW(), 'Entrada inicial', 1, 1),
('ENTRADA', 5, NOW(), 'Entrada inicial', 2, 2),
('ENTRADA', 8, NOW(), 'Entrada inicial', 3, 3),
('SAIDA', 2, NOW(), 'Saída teste', 4, 4),
('SAIDA', 1, NOW(), 'Saída teste', 5, 5),
('ENTRADA', 12, NOW(), 'Entrada inicial', 6, 6),
('SAIDA', 3, NOW(), 'Saída teste', 7, 7),
('ENTRADA', 6, NOW(), 'Entrada inicial', 8, 8),
('ENTRADA', 9, NOW(), 'Entrada inicial', 9, 9),
('SAIDA', 4, NOW(), 'Saída teste', 10, 10),
('ENTRADA', 7, NOW(), 'Entrada inicial', 11, 11),
('ENTRADA', 2, NOW(), 'Entrada inicial', 12, 12),
('SAIDA', 5, NOW(), 'Saída teste', 13, 13),
('ENTRADA', 11, NOW(), 'Entrada inicial', 14, 14),
('ENTRADA', 3, NOW(), 'Entrada inicial', 15, 15),
('SAIDA', 6, NOW(), 'Saída teste', 16, 16),
('ENTRADA', 4, NOW(), 'Entrada inicial', 17, 17),
('ENTRADA', 8, NOW(), 'Entrada inicial', 18, 18),
('SAIDA', 2, NOW(), 'Saída teste', 19, 19),
('ENTRADA', 5, NOW(), 'Entrada inicial', 20, 20),
('ENTRADA', 3, NOW(), 'Entrada inicial', 21, 21),
('SAIDA', 1, NOW(), 'Saída teste', 22, 22),
('ENTRADA', 2, NOW(), 'Entrada inicial', 23, 23),
('ENTRADA', 6, NOW(), 'Entrada inicial', 24, 24),
('SAIDA', 2, NOW(), 'Saída teste', 25, 25),
('ENTRADA', 4, NOW(), 'Entrada inicial', 26, 26),
('ENTRADA', 5, NOW(), 'Entrada inicial', 1, 27),
('SAIDA', 3, NOW(), 'Saída teste', 2, 28),
('ENTRADA', 6, NOW(), 'Entrada inicial', 3, 29),
('ENTRADA', 7, NOW(), 'Entrada inicial', 4, 30),
('SAIDA', 2, NOW(), 'Saída teste', 5, 31),
('ENTRADA', 8, NOW(), 'Entrada inicial', 6, 32),
('ENTRADA', 9, NOW(), 'Entrada inicial', 7, 33),
('SAIDA', 1, NOW(), 'Saída teste', 8, 34),
('ENTRADA', 3, NOW(), 'Entrada inicial', 9, 35),
('ENTRADA', 4, NOW(), 'Entrada inicial', 10, 36),
('SAIDA', 2, NOW(), 'Saída teste', 11, 37),
('ENTRADA', 5, NOW(), 'Entrada inicial', 12, 38),
('ENTRADA', 6, NOW(), 'Entrada inicial', 13, 39),
('SAIDA', 3, NOW(), 'Saída teste', 14, 40),
('ENTRADA', 4, NOW(), 'Entrada inicial', 15, 41),
('ENTRADA', 2, NOW(), 'Entrada inicial', 16, 42),
('SAIDA', 1, NOW(), 'Saída teste', 17, 43),
('ENTRADA', 5, NOW(), 'Entrada inicial', 18, 44),
('ENTRADA', 3, NOW(), 'Entrada inicial', 19, 45),
('SAIDA', 2, NOW(), 'Saída teste', 20, 46),
('ENTRADA', 1, NOW(), 'Entrada inicial', 21, 47),
('ENTRADA', 4, NOW(), 'Entrada inicial', 22, 48),
('SAIDA', 2, NOW(), 'Saída teste', 23, 49),
('ENTRADA', 3, NOW(), 'Entrada inicial', 24, 50);
